"","T_beta","E_beta"
"(Intercept)",3.05709586469319,3.05708529787619
"X1",1.18577617377108,1.1857778920152
"X2",-0.91131254954048,-0.911311408847317
"X3",0.107539158991195,0.107539926929527
